{"bounds":{"east":116.273792982101,"north":38.6265563964844,"south":38.1733733911906,"west":115.758819580078},"contentType":"image/png","latLonBounds":{"east":116.273792982101,"north":38.6265563964844,"south":38.1733733911906,"west":115.758819580078},"maxzoom":17,"minzoom":0,"proj":3857,"tiletrans":"google","type":"image","ziped":false}