{"bounds":{"east":116.278610229492,"north":38.6725616455078,"south":38.1452178955078,"west":115.751266479492},"contentType":"quantizedmesh","latLonBounds":{"east":116.278610229492,"north":38.6725616455078,"south":38.1452178955078,"west":115.751266479492},"maxzoom":11,"minzoom":0,"proj":4326,"tiletrans":"tms","type":"terrain","ziped":false}